Timestamp,Email Address,Score,Please enter your LAST name,Please enter your FIRST name,Please select your period,1a) Convert 85.0 km/h to m/s.,"1b) Two research stations on Luna are 450 km apart along a line of longitude. At lunar noon, the stations report a shadow angle difference of 6.0°. Use this proportional relationship to calculate Luna's circumference.",2b) Calculate the eastward component of the displacement.,2c) Calculate the northward component of the displacement.,3a) Determine the displacement vector from the origin to the desk. Provide your answer as a magnitude and a direction (angle + coordinate system).,"3b) In a complete sentence, explain why using a mathematical coordinate system is a more reliable and useful scientific model than a simple hand-drawn sketch for this task.","a. Scale and Proportion: 
Modern GPS systems must be precise enough to distinguish locations that are only a few meters apart. Explain why using vector components (e.g., change in latitude and longitude) is essential for this level of precision, as opposed to only using a single magnitude and direction from a central origin point.","b. Patterns: 
What fundamental pattern connects the mathematics used in Eratosthenes's ancient measurement of the Earth to the mathematics used in modern satellite-based positioning?","5. Which problem on this quiz required the most careful attention to mathematical detail (such as units, significant figures, or trigonometric setup), and what made it challenging?",Please rate how challenging you found this quiz.,Please rate how prepared you felt for this quiz.,Would you like to leave any additional feedback for this quiz?
9/19/2025 13:55:24,mcerrito@branfordschools.org,2 / 26,cerrito,miles,Period 1/8,23.6 m/s ,27000km,30.0m,51.9m,5.2m @ 35.5 degrees ,"when using a sketch and counting there is alot of room for human error and you cant count angles but using the math you are able to calculate exact distance and angle, it is especially useful for larger vectors when it would take too much time to count. u  ","with only a single magnitude and direction it will show the fastest possible rout but more then likely you wouldn't be able to travel it, you need roads and turns so you need multiple vectors with distance or magnitude and direction.  using change in longitude and latitude the gps knows where you are and where you will have to travel to  reach your desired longitude and latitude. ","knowing part of a bigger measurement and knowing how much of a part of the whole thing it is you can use multiplication to find the total size, the pattern is scale.  satellites use scale to find out how far you are moving or have to move, he used scale to find the circumference of the earth.",I would say question 3 because the angle wasn't  given based off of zero degrees it was degrees north of west also had to  calculate distance and angle using the formulas and i wasnt sure how sig figs would work in the final answer ,3,2,no 
9/19/2025 14:01:27,whornyak@branfordschools.org,2 / 26,Hornyak,William,Period 1/8,23.6 m/s,27000km,51.9,30,5.1 degrees south of east,using a hand drawn sketch is super innacurate because i am a terrible artist and all of your work basically depends on how well your able to draw the graph and make it neat. basically just leaves more room for error,using a simple magnitude and direction from a central point seems like a good idea because  a straight line is the fastest way from A to B but when you realize that would include driving through buildings you see why it wouldnt work. vector components are able to make that change in direction which still bringing you where you need to go,measuring a small area and scaling it up to the size of the full thing. like measuring a brick and multiplying to get the size of the wall,in my opinion 3a because it was what i believe im weakest at and your not provided with much information. i belive i got that question wrong but im not sure how i would solve it correctly,3,3,i believe i didnt do too too bad but it showed there are some area where i need to work on.
9/19/2025 14:19:21,jjumbo@branfordschools.org,0 / 26,Jumbo,Justin,Period 1/8,2.36m/s, 27000km,52.0m,30.0m,magnitude of 5.2m at 36 degrees north of east (compass rose),hand drawn sketches are bound to be out of scale and proportion while as with numbers you can extract exact or close to exact information with equations ,"Using vector components there is more distinction between two points since either their longitudes or latitudes are notably different. whereas with a magnitude and direction, you're not taking into account the latitude or longitude, Just where the head of the vector is. ",Using two points and universal constants. Eratosthenes with the angle of degree of shadow and modern satellites more than likely using the position of the sun or the rotation of the earth. Both using the curvature of the earth to make calculations more accurate .,Calculating the magnitude and direction of the displacement vector from the origin of the classroom to the desk,3,2,No
9/19/2025 14:19:31,homeragic@branfordschools.org,0 / 26,Omeragic,Hana,Period 1/8,23.6m/s,"27,000",52.0m,30.0m,35 degrees North of East to the origin for 5.2m,Because the numbers are more accurately and precisely calculated for our final answer.,"A level of precision is needed to guarantee that no matter how many times the GPS system is used, it will measure the same number(s) each time. In order to establish true precision, there should be more to work with, not less. Both latitude and longitude are more helpful to be precise than just one or the other. While magnitude and direction may get you from a central origin point to a certain place, latitude an precision is more relevant to a GPS system because you can't necessarily just cut through things directly. (Ex: GPS on a car would tell you to take lefts and rights - not drive through a building).","Eratosthenes's ancient measurement was used to find that the Earth was round and experienced different times of days in different places. In modern satellite-based positioning, it is important to use Eratosthenes's mathematics to help us look where we want satellites to look and when (where in the world and at what time). These mathematics help to determine exact measurements for spherical things. The positioning of Alex and Syene is representative of the positioning of other things and to calculate the position of the satellite, this math is the most reasonable type to use.","I think question #1 with dimensional analysis required the most careful attention in order to get the correct setup and the correct outcome. Each unwanted measure needed to get canceled in each step in order to get from one measure to the next. It wasn't necessarily challenging, but more attentive.",2,3,
9/19/2025 14:20:30,arsharma@branfordschools.org,0 / 26,Sharma,Arav,Period 1/8,23.61 m/s,75km,52.0m,30.0m,"35.5 deg North of East, im not too sure what coordinate system means but its going to the right so eastward.","Using a coordinate system for this model is better than a simple sketch because we need to graph the points which would be much more vague in a sketch. Also we wont see the exact direction and where the vector occurs at if you draw a simple sketch. Overall, a sketch is much more vague and would lead to inaccuracy in this task which is why a scientific model is better","Because when we use vector components, its basically making it simpler for a system like GPS. so instead of going just to a place diagnal, and so in that one line, it doesn't show locations that are close to it or anything. However, when you split it into vector components like a horizontal and then a vertical line the GPS would be able to distinguish more locations closer. This is because your not just going in a straight diagnal line but instead, going horizontal and then vertical.","Eratosthenes was able to use something as small as the angle of the shadow in his city to measure the earths circumference. Therefore when we use satellites, it has the same pattern by showing us things in space which we can use to calculate bigger things. Like how big other planets are. Also, just like Eratosthenes, satellites may be able use the angles of things in space to figure out a bigger question.","I think 2 a b and c because thats where I had to use everything such as sig figs, units and trig set up.",3,2,I forgot the formula with shadow differnce
9/19/2025 14:21:14,gmills@branfordschools.org,2 / 26,Mills,Grayson,Period 1/8,23.6 m/s,,52.0 m,30.0 m,The displacement vector has a magnitude of 5.2 m and a direction of 35 degrees North of East,A mathematical coordinate system is more reliable because it is using exact measurements and is more accurate than a hand-drawn sketch which has a greater room for human error and it isn't using exact measurements.,"Vector components allow for more precision compared to just using a single magnitude and direction from the origin because it tells you exactly how to get to the location, it provides you with an x and a y value which tells you exactly where the point is.",Both Eratosthenes's measurement of the Earth and the mathematics used in modern satellite-based position use measuring a small portion of a larger whole that is too large to be measured and using math to get an approximate measurement of the whole.,"Problem 3a required the most careful attention to mathematical detail because you had to use trigonometry to calculate the direction and label the direction with the correct coordinate system, as well as pay attention to the significant figures for the direction and magnitude. You also had to use the Pythagorean theorem to calculate the magnitude. All of those components when put together require you to have a great attention to detail.",3,3,
9/19/2025 14:22:10,jpombo@branfordschools.org,2 / 26,Pombo,Jake,Period 1/8,23.6 m/s,"27,000 km",52.0 m,30.0 m,13 m,Using a mathmatic coordinate system is more reliable because it is exact data that can be used where using a scientific model could lead to human errors and make your calculations wrong. The coordinate system is accurate and precise,"Because while we would like to take a straight line to every location we are traveling to, roads will have turns in different directions that will require more than just one set direction with a single magnitude. If I have to go straight for 100 feet the turn left and then drive another 100 feet to avoid a forest, I would need to use vectors because a scalar would not be able to get me there without hitting the forest.",Eratosthenes used the angle between 2 different locations ( one were a well had a shadow and one were a well didn't have a shadow) to prove that the sun is a different angle depending where you are in the world. He used this to then determine the measurement of the earth by enlarging the scale of what he had just discovered. We now use his findings when we use satellites. We can replace the sun in the model with a satellite. We then use the angle between where the signal is being sent from to where the signal is being received from to accurately send the signal. ,To me the hardest problem on the quiz was question 1 part B. This question made me really have to think not only about math but also to use common sense to make the model. I had to make sure that I include the original measurement between the 2 stations and add it to the distance of the 354 degrees I found. I then had to make sure my sig figs were correct. I had to make my answer have only 2 sig figs because the smallest measurement in the problem when I divided was 6.0 degrees which has 2 sig figs.,2,4,no
9/19/2025 14:22:31,stamsin@branfordschools.org,2 / 26,Tamsin,Sophia,Period 1/8,23.6 m/s,158000km,52.0 m,30.0 m,36 degrees west of north,"Using a coordinate system is more reliable and useful for scientific modeling because the specifics in measurment being used allow for precision in measurements, the precise numbers allow for a more accurate answer. The simple sketching would act more like an estimate, containing no measurements there for no precision, and without precise measurements their is no guarantee for accurate answers.","Using vector components, both the horizontal and vertical are essential for GPS's level of precision. This is due to the need for GPS to get to a certain, exact area. Therefore, without the specific and accurate measurements of the horizontal and vertical distance to that area, it would be very difficult to get to that exact location. When only using a single magnitude and direction from a central point, you would only know one of either the vertical or horizontal components, which isn't precise enough and would allow for error in the GPS, keeping it from getting to the exact, precise location.","Using vectors. Determining the horizontal and vertical components of a central, origin point was used in ancient measurement of the earth as well as now in modern satellite-based positioning due to its precision in location and measurement, ultimately allowing for complete accuracy in based positioning.","For me personally, 1b. I started out with no idea how to take on the problem so I guessed and did the best I could. I think the wording and never seeing a problem like that (or atleast to my memory) kind of freaked me out and made me skip the problem and end up doing something just to get some type of answer on the paper. ",3,3,"1 b made me think a ton, could we possibly go over how to approach it at sometime."
9/19/2025 14:22:57,ndurante@branfordschools.org,2 / 26,Durante,Nate,Period 1/8,23.6 m/s,27x10^3 km,52.0 m,30.0 m,the displacement vector has a magnitude of 27 m at an angle of 36 degrees North of East. ,"By using  a mathematical coordinate system, (whether that be the unit circle with labled axi of a location or cardinal directions) rather than a hand-drawn sketch, readers can have a better understanding of location, speciffically the direction of the vectors relative to the orgin. This then makes interpreting the outcome easier to apply to real world direction (North South East West).  ","By using component vectors rather than a single resultant vector, measurements will be more accurate because the square root of longitude^2 coordinate + latitude^2 coordinate must always add up to the square root of resultant vector^2.In other words, there is less room for error because all of the vector pieces have to 'fit' together in order to agree upon / yield a point.",Satellite based positioning uses 3 satellites to 'agree' upon a single point (location on earth). They do this by analyzing your location to that of the 3 satellites. Eratosthenes used this similar principle. He analyzed 2 pieces (coordinates on earth) of information to conclude the circumference of the earth.,"#1b was tricky both because I didn't really know what I was doing, but also I was limited to 2 sig figs (or so I think). This meant that you had to use scientific notation. Also, not remembering and not studying how Eratosthenes did it, I had to rely only on my set up and wits. ",3,3,